﻿product_id,product_name,product_picture,product_picture,product_category, product_price ,product_description1,product_description2,product_description3,product_description4,product_status,product_new,product_featured,product_sale_price,product_bulk_quantity,product_bulk_price,
100,Smoked Salmon 烟熏三文鱼 100g,100-1,100-2,fish, 14.00 ,,,,,true,,,0,0,0,
101,Salmon Steak 三文鱼排 ±250g/pc*,101-1,101-2,fish, 9.50 ,order by pieces,RM38/kg,*Estimated price only *Final price will be based on actual weight,,true,,true,0,0,0,
102,Salmon Steak 三文鱼排 1kg*,102-1,102-2,fish, 38.00 ,order by kg (4-5pcs),RM38/kg,*Estimated price only *Final price will be based on actual weight,,true,,,0,0,0,
103,Salmon Fillet 三文鱼片 ±180g/pc*,103-1,,fish, 9.90 ,order by pieces,RM55/kg,*Estimated price only *Final price will be based on actual weight,,true,,true,0,0,0,
104,Salmon Fillet 三文鱼片 1kg*,104-1,,fish, 60.00 ,order by kg (5-7pcs),RM55/kg,*Estimated price only *Final price will be based on actual weight,,true,,,55,0,0,
105,Salmon Fillet (uncut) 三文鱼片 (大) ±2kg/pc*,105-1,,fish, 106.00 ,order by pieces,RM53/kg,*Estimated price only *Final price will be based on actual weight,,true,,,0,0,0,
106,Salmon Head (half) 三文鱼头 (半粒) ±400g/pc*,106-1,106-2,fish, 4.80 ,order by pieces,RM12/kg,*Estimated price only *Final price will be based on actual weight,,true,,,0,0,0,
107,Halibut Fillet 大比目鱼片 ±150g/pc*,107-1,,fish, 8.25 ,order by pieces,RM55/kg,*Estimated price only *Final price will be based on actual weight,,true,,true,0,0,0,
108,Halibut Fillet 大比目鱼片 1kg*,108-1,,fish, 55.00 ,order by kg (6-8pcs),RM55/kg,*Estimated price only *Final price will be based on actual weight,,true,,,0,0,0,
109,Halibut Steak 大比目鱼排 ±200g/pc*,109-1,,fish, 11.00 ,order by pieces,RM55/kg,*Estimated price only *Final price will be based on actual weight,,false,,,0,0,0,
110,Halibut Steak 大比目鱼排 454g,110-1,,fish, 25.00 ,3pcs/pkt,,,,true,true,true,0,0,0,
111,Tuna Fillet 鲔鱼 ±500g/pc*,111-1,,fish, 30.00 ,order by pieces,RM60/kg,*Estimated price only *Final price will be based on actual weight,,true,,,0,0,0,
112,Cod Fish 鳕鱼 ±200g/pc*,112-1,,fish, 25.60 ,order by pieces,RM128/kg,*Estimated price only *Final price will be based on actual weight,,true,,true,0,0,0,
113,Cod Fish 鳕鱼 1kg*,113-1,,fish, 148.00 ,order by kg (4-6pcs),RM128/kg,*Estimated price only *Final price will be based on actual weight,,true,,,128,0,0,
114,Breaded Cod Fish 300g,114-1,114-2,fish, 12.00 ,5pcs/pkt,,,,true,,,0,0,0,
115,Cod Fillet (Miso) 鳕鱼片(味增) 454g,115-1,115-2,fish, 40.00 ,,,,,true,,,0,0,0,
116,Halibut Fillet (Miso) 比目鱼片 (味增) 454g,116-1,116-2,fish, 25.00 ,,,,,true,,,0,0,0,
117,Red Snapper Fillet (Miso) 红鱼片 (味增) 454g,117-1,117-2,fish, 20.00 ,,,,,false,,,0,0,0,
118,Tilapia (Premium Quality) 顶级金凤鱼片 200-250g,118-1,,fish, 8.00 ,1pc/pkt,,,,true,,true,0,3,7,
119,Siakap Fillet 石甲鱼 400-500g,119-1,,fish, 15.00 ,cut into 4-5pcs/pkt,,,,true,,,0,0,0,
120,Patin Slice 巴丁鱼片 1kg,120-1,,fish, 10.00 ,,,,,true,,,0,3,9,
121,Saba Fillet 鲭鱼 500g,121-1,,fish, 20.00 ,3-5pcs/pkt,,,,true,,,17,0,0,
122,Teriyaki Saba 照烧鲭鱼 180g ,122-1,122-2,fish, 13.00 ,2pcs/pkt,,,,false,,,0,0,0,
123,Shishamo 多春鱼,123-1,,fish, 12.00 ,7-8pcs/pkt,,,,true,,,0,0,0,
124,Unagi 鳗鱼 200g,124-1,,fish, 18.00 ,1pc/pkt,,,,true,,true,0,3,16,
125,Unagi 鳗鱼 310g,125-1,,fish, 30.00 ,1pc/pkt,,,,false,,,0,3,28,
126,Unagi 鳗鱼 380g,126-1,,fish, 35.00 ,1pc/pkt,,,,false,,,0,3,33.33,
200,Breaded Scallops 180g,200-1,,scallops, 8.00 ,12pcs/pkt,,,,true,,,0,0,0,
201,Scallop Sliders 培根带子 260g,201-1,,scallops, 30.00 ,8pcs/box,,,,true,,true,0,3,27,
202,Canadian Scallops XL 10/20 加拿大带子 500g,202-1,,scallops, 35.00 ,9-10pcs/box,,,,false,,,0,3,33,
203,Canadian Scallops L 20/30 加拿大带子  500g,203-1,,scallops, 32.50 ,13-16pcs/box,,,,true,,true,0,3,30,
204,Hokkaido Scallops XL 10/20 北海道带子 1kg,204-1,,scallops, 70.00 ,18-20pcs/box,,,,true,,true,0,0,0,
205,Hokkaido Scallops L 20/30 北海道带子 1kg,205-1,,scallops, 65.00 ,20-30pcs/box,,,,true,,,0,0,0,
206,Hokkaido Scallops M 30/40 北海道带子 1kg,206-1,,scallops, 60.00 ,30-40pcs/box,,,,true,,,0,0,0,
207,Hokkaido Scallops 40/50 北海道带子 1kg,207-1,,scallops, 55.00 ,40-50pcs/box,,,,true,,,0,0,0,
208,Hokkaido Scallops 60/80 北海道带子 1kg,208-1,,scallops, 45.00 ,60-80pcs/box,,,,false,,,0,0,0,
209,Hokkaido Scallops 80/100 北海道带子 1kg,209-1,,scallops, 40.00 ,80-100pcs/box,,,,true,,,0,0,0,
210,Half Shell Scallop 半壳大带子 1kg,210-1,210-2,scallops, 26.00 ,8-10pcs/pkt,,,,true,,,0,0,0,
211,Half Shell Scallop (Pink) M 半壳带子 500g,211-1,,scallops, 20.00 ,,,,,false,,,0,0,0,
212,Half Shell Scallop (Pink) S 半壳带子 500g,212-1,,scallops, 17.50 ,,,,,true,,,0,0,0,
213,Japanese Hotate Scallop L 60/80 日本扇贝 1kg,213-1,,scallops, 40.00 ,60-80pcs/box,,,,true,,,0,0,0,
214,Japanese Hotate Scallop S 100/150 日本扇贝 1kg,214-1,,scallops, 35.00 ,100-150pcs/box,,,,true,,true,0,0,0,
300,White Prawn 明虾 L 20/30,300-1,,shellfish, 45.00 ,18-20pcs/box,,,,true,,,0,0,0,
301,White Prawn 明虾 M 30/40,301-1,,shellfish, 40.00 ,23-25pcs/box,,,,true,,,0,0,0,
302,Prawn Meat 虾肉 L,302-1,,shellfish, 40.00 ,±45pcs/pkt,,,,true,,true,0,0,0,
303,Prawn Meat 虾肉 M,303-1,,shellfish, 38.00 ,±50pcs/pkt,,,,true,,,0,0,0,
304,Prawn Meat 虾肉 S,304-1,,shellfish, 35.00 ,,,,,false,,,0,0,0,
305,Prawn Meat 虾肉 XS,305-1,,shellfish, 28.00 ,,,,,true,,,0,0,0,
306,Ebi Tempura 香脆面包虾,306-1,,shellfish, 10.00 ,8 pcs/pkt,,,,true,,true,0,0,0,
307,Fresh Oyster Meat 蠔肉 1.8kg,307-1,,shellfish, 88.00 ,excluded from promotions,1.4-1.5kg nett oyster meat,,,false,,,0,0,0,
308,Mantis Prawn Meat Fresh 新鲜虾姑肉 1kg,308-1,308-2,shellfish, 20.00 ,,,,,true,,,0,0,0,
309,Scampi U7 大头虾 ±250g/nos*,309-1,,shellfish, 17.50 ,order by nos,RM70/kg,*Estimated price only *Final price will be based on actual weight,,false,,,0,0,0,
310,Lobster 龙虾 700g up/nos*,310-1,310-2,shellfish, 70.00 ,order by nos,RM100/kg,*Estimated price only *Final price will be based on actual weight,,false,,,0,0,0,
311,Lobster 龙虾 400-500g/nos*,311-1,311-2,shellfish, 45.00 ,order by nos,RM90/kg,*Estimated price only *Final price will be based on actual weight,,true,,,0,0,0,
312,Mala Crayfish Tailmeat  麻辣虾尾 300g,312-1,,shellfish, 30.00 ,,,,,true,,,27,0,0,
313,Garlic Crayfish Whole 蒜香小龙虾 700g,313-1,313-2,shellfish, 40.00 ,,,,,true,,,37,0,0,
314,Spicy Crayfish Whole 麻辣小龙虾700g,314-1,314-2,shellfish, 40.00 ,,,,,false,,,37,0,0,
315,Thirteen Spices Crayfish Whole 十三香小龙虾 700g,315-1,315-2,shellfish, 40.00 ,,,,,true,,,37,0,0,
316,Clam (Lala) 啦啦 500g,316-1,,shellfish, 8.00 ,,,,,true,,,0,0,0,
317,Spicy Clam with Shell 啦啦(辣味) 400g,317-1,,shellfish, 10.00 ,,,,,true,,,0,0,0,
318,Premium Black Mussels 贻贝 907g,318-1,,shellfish, 20.00 ,,,,,true,,,0,0,0,
319,Crab Meat (Mix) 螃蟹肉 400g,319-1,319-2,shellfish, 30.00 ,,,,,flase,,,0,0,0,
320,Crab meat (Red) 螃蟹肉 (蟹钳肉) 400g,320-1,320-2,shellfish, 28.00 ,,,,,true,,,0,0,0,
321,Crab Meat (White) 螃蟹肉 (白蟹肉) 400g,321-1,321-2,shellfish, 28.00 ,,,,,true,,,0,0,0,
322,Crab Meat (Red) 螃蟹肉 (蟹钳肉) 800g,322-1,322-2,shellfish, 55.00 ,,,,,true,,,0,0,0,
323,Crab Meat (White) 螃蟹肉 (白蟹肉) 800g,323-1,323-2,shellfish, 55.00 ,,,,,true,,,0,0,0,
324,Soft Shell Crab 软壳蟹 ±160g/nos*,324-1,324-2,shellfish, 7.20 ,order by nos,RM45/kg,*Estimated price only *Final price will be based on actual weight,,true,,,0,0,0,
325,Live Mud Crab Male 2nos/kg 肉螃蟹 (500g up)*,325-1,325-2,shellfish, Market Price ,order by nos,,*Final price will be based on actual weight,,false,,,0,0,0,
326,Live Mud Crab Male 3nos/kg 肉螃蟹 (300-400g)*,326-1,326-2,shellfish, Market Price ,order by nos,,*Final price will be based on actual weight,,false,,,0,0,0,
327,Live Mud Crab Male 4nos/kg 肉螃蟹 (250-300g)*,327-1,327-2,shellfish, Market Price ,order by nos,,*Final price will be based on actual weight,,false,,,0,0,0,
328,Live Mud Crab Female (Egg) Crab 蛋螃蟹 (300g up)*,328-1,328-2,shellfish, Market Price ,order by nos,,*Final price will be based on actual weight,,false,,,0,0,0,
329,King Crab 帝王蟹 400-600g,329-1,,shellfish, 50.00 ,,,,,false,,,0,0,0,
330,King Crab 帝王蟹 600-800g,330-1,,shellfish, 80.00 ,,,,,false,,,0,0,0,
331,King Crab 帝王蟹 800-1000g,331-1,,shellfish, 100.00 ,,,,,true,,,0,0,0,
332,King Crab 帝王蟹 1-1.2kg*,332-1,,shellfish, 129.60 ,RM108/kg,,*Estimated price only *Final price will be based on actual weight,,false,,,0,0,0,
333,King Crab 帝王蟹 1.2-1.4kg*,333-1,,shellfish, 151.20 ,RM108/kg,,*Estimated price only *Final price will be based on actual weight,,true,,true,0,0,0,
334,King Crab 帝王蟹 1.4-1.6kg*,334-1,,shellfish, 172.80 ,RM108/kg,,*Estimated price only *Final price will be based on actual weight,,false,,,0,0,0,
335,King Crab 帝王蟹 1.6-1.8kg*,335-1,,shellfish, 194.40 ,RM108/kg,,*Estimated price only *Final price will be based on actual weight,,false,,,0,0,0,
336,King Crab 帝王蟹 1.8-2kg*,336-1,,shellfish, 216.00 ,RM108/kg,,*Estimated price only *Final price will be based on actual weight,,false,,,0,0,0,
337,King Crab 帝王蟹 2kg up*,337-1,,shellfish, 237.60 ,RM108/kg,,*Estimated price only *Final price will be based on actual weight,,false,,,0,0,0,
400,Baby Octopus 小章鱼,400-1,,squid, 11.50 ,6-15pcs/pkt,,,,true,,,0,0,0,
401,Chuka Idako (Seasoned Baby Octopus) 腌制小章鱼 2kg,401-1,401-2,squid, 88.00 ,,,,,true,,,0,0,0,
402,Chuka Idako (Seasoned Baby Octopus) 腌制小章鱼 500g,402-1,402-2,squid, 25.00 ,,,,,true,,,0,0,0,
403,Cleaned Sotong 10/20 苏东 2kg,403-1,403-2,squid, 35.00 ,,,,,false,,,0,0,0,
404,Cleaned Sotong 10/20 苏东 1kg ,404-1,404-2,squid, 20.00 ,,,,,true,,,0,0,0,
405,Flower Squid 花枝 1kg,405-1,,squid, 18.00 ,,,,,true,,,0,0,0,
406,Spicy Squid 香辣大鱿鱼 400g,406-1,,squid, 17.00 ,,,,,true,,,0,0,0,
407,Squid Tentacle 鱿鱼须 500g,407-1,407-2,squid, 10.00 ,,,,,true,,,0,0,0,
500,Australian Beef Slice 牛肉片 500g,500-1,,meat, 30.00 ,,,,,true,,,0,0,0,
501,Breaded Chicken Chop 200g,501-1,,meat, 8.00 ,1pc/pkt,,,,true,,,0,0,0,
502,Chicken Burger Patty 汉堡肉片 1kg,502-1,,meat, 16.00 ,,,,,true,,,0,0,0,
503,Chicken Nuggets Tempura 鸡肉块 1kg,503-1,,meat, 16.00 ,,,,,true,,,0,0,0,
504,Crispy Popcorn Chicken 香酥鸡米花 1kg,504-1,,meat, 22.00 ,,,,,true,,,0,0,0,
505,Miami Butcher Chicken Ham (Sliced) 1kg,505-1,,meat, 25.00 ,,,,,true,,,22,0,0,
506,Miami Butcher Chicken Sausage Breakfast 1kg,506-1,,meat, 25.00 ,,,,,true,,,0,0,0,
507,Miami Butcher Chicken Sausage Jumbo 1kg,507-1,,meat, 28.00 ,,,,,true,,,0,0,0,
508,Miami Butcher Turkey Bacon (Sliced) 1kg,508-1,,meat, 28.00 ,,,,,true,,,0,0,0,
509,Smoked Duck Breast 烟熏鸭胸肉 200-300g,509-1,,meat, 13.00 ,,,,,true,true,true,0,3,12,
510,Black Pepper Duck Breast Meat 黑胡椒鸭胸肉 200-300g,510-1,,meat, 13.00 ,,,,,true,true,true,0,3,12,
511,Smoked Back Bacon 黑毛猪肉培根 500g,511-1,,meat, 30.00 ,,,,,true,true,,27,0,0,
512,Smoked Streaky Bacon 烟熏五花肉 250g,512-1,,meat, 14.00 ,,,,,true,,,0,0,0,
513,Scallop Sliders 培根带子 260g,513-1,,meat, 30.00 ,,,,,true,,,0,3,27,
514,Taiwanese Sausage (S) 台湾香肠(小),514-1,,meat, 6.50 ,,,,,true,true,,0,0,0,
515,Meatballs 猪肉丸 400g,515-1,,meat, 11.50 ,,,,,true,,,0,0,0,
516,Mince Meat 猪肉碎 (S) 300g,516-1,,meat, 8.00 ,,,,,true,,,0,0,0,
517,Mince Meat 猪肉碎 (L) 600g,517-1,,meat, 15.00 ,,,,,true,,,0,0,0,
518,Shabu Shabu Pork 猪肉片 300g,518-1,,meat, 13.00 ,,,,,true,,,0,0,0,
519,Shabu Shabu Pork Belly 五花肉片 300g,519-1,,meat, 13.00 ,,,,,false,,,0,0,0,
521,Japanese Chashu 日式叉烧 200g,521-1,521-2,meat, 20.00 ,,,,,true,true,,0,0,0,
522,Thai Moo Ping 泰国猪肉串 (10pcs/pkt),522-1,,meat, 15.00 ,,,,,true,true,,0,0,0,
523,Cheddar Cheese Sausages 芝士香肠 400g,523-1,,meat, 22.00 ,,,,,true,true,,0,0,0,
524,Mild Italian Sausages 意大利香肠 400g,524-1,,meat, 20.00 ,,,,,true,true,,0,0,0,
525,Pork & Herbs Sausages 英式香料香肠 400g,525-1,,meat, 20.00 ,,,,,true,true,,0,0,0,
526,Habanero Chilli Sausages 辣味香肠 400g,526-1,,meat, 20.00 ,,,,,true,true,,0,0,0,
527,Pork Stomach 猪肚 400-600g,527-1,527-2,meat, 13.00 ,,,,,true,,,0,0,0,
528,Pork Stomach (Cleaned) 猪肚 400-600g,528-1,528-2,meat, 20.00 ,,,,,true,,,0,0,0,
529,Pork Tendon 猪脚筋 500g,529-1,,meat, 25.00 ,,,,,true,,,0,0,0,
530,Lobak 卤肉,530-1,,meat, 16.00 ,16pcs/pkt,,,,true,,,0,0,0,
531,Cleaned Frog 本地野生田鸡 1kg,531-1,531-2,meat, 45.00 ,,,,,true,true,,0,0,0,
601,Caviar 鱼子酱 100g,601-1,,special, 32.00 ,,,,,true,,true,0,3,30,
602,Ebiko Orange 虾卵 500g,602-1,,special, 45.00 ,,,,,false,,,0,0,0,
603,Tobiko Orange 鱼卵 500g,603-1,,special, 45.00 ,,,,,true,,,0,0,0,
604,Ebiko Orange 虾卵 50g,604-1,,special, 10.00 ,,,,,false,,,0,0,0,
605,Tobiko Orange 鱼卵 50g,605-1,,special, 10.00 ,,,,,true,,,0,0,0,
606,Chuka Idako (Seasoned Baby Octopus) 腌制小章鱼 2kg,606-1,606-2,special, 88.00 ,,,,,true,,,0,0,0,
607,Chuka Idako (Seasoned Baby Octopus) 腌制小章鱼 500g,607-1,607-2,special, 25.00 ,,,,,true,,,0,0,0,
608,Chuka Wakame 日式凉拌海带 450g,608-1,,special, 12.50 ,,,,,true,,,0,0,0,
609,Ebi Tempura 香脆面包虾 (8pcs/pkt),609-1,,special, 10.00 ,,,,,true,,,0,0,0,
610,Ebi Tempura 香脆面包虾 (10pcs/pkt),610-1,610-2,special, 12.00 ,,,,,false,,,0,0,0,
611,Breaded Scallops 180g,611-1,,special, 8.00 ,12pcs/pkt,,,,true,,,0,0,0,
612,Japan Tamagoyaki 日本厚烧玉子 500g,612-1,,special, 20.00 ,,,,,true,,,0,0,0,
613,Tamagoyaki 厚烧玉子 500g,613-1,613-2,special, 20.00 ,,,,,false,,,0,0,0,
614,Sea Urchin Platter (L) 海胆 100g,614-1,614-2,special, 60.00 ,,,,,false,,,0,0,0,
615,Abalone Can 罐头鲍鱼 215g (4pcs),615-1,,special, 15.00 ,,,,,true,,,0,3,13,
616,Abalone Can 罐头鲍鱼 425g (5pcs),616-1,,special, 28.00 ,,,,,true,,,0,3,26,
617,Fish Maw 鱼鳔 100g,617-1,617-2,special, 16.00 ,,,,,true,,,0,0,0,
618,Fo Tiao Qiang 佛跳墙 200g,618-1,,special, 28.00 ,,,,,true,,,0,3,25,
619,Fo Tiao Qiang 佛跳墙 200g,619-1,,special, 28.00 ,,,,,true,,,0,5,22,
620,Fo Tiao Qiang 佛跳墙 200g,620-1,,special, 28.00 ,,,,,true,,,0,10,20,
621,Imitation Shark Fin 碗仔翅 500g,621-1,,special, 10.00 ,,,,,true,,,0,0,0,
622,Shark Fin (Real) 鲍翅 500g,622-1,,special, 53.00 ,,,,,true,,,0,0,0,
623,Sea Cucumber (L) 海参 (大) 1kg,623-1,623-2,special, 83.00 ,,,,,true,true,,0,0,0,
624,Sea Cucumber (S) 海参 (小) 1kg,624-1,624-2,special, 78.00 ,,,,,false,,,0,0,0,
625,Sea Cucumber (S) 海参 (小) 500g,625-1,625-2,special, 40.00 ,,,,,true,,,0,0,0,
700,Abalone Slice 鲍鱼片 300g,700-1,,hotpot, 8.50 ,,,,,true,,,0,0,0,
701,Japan King Crab Filament Stick 日本帝王蟹柳 250g,701-1,,hotpot, 10.00 ,,,,,true,,,0,0,0,
702,Shrimp Paste 虾滑 150g,702-1,702-2,hotpot, 9.00 ,,,,,true,,,0,0,0,
703,Tobiko Shrimp Paste 鱼卵虾滑 150g,703-1,703-2,hotpot, 9.00 ,,,,,true,,,0,0,0,
704,Nikudo Fish Paste 鱼滑 200g,704-1,704-2,hotpot, 8.00 ,,,,,true,,,0,0,0,
705,Cheese Tofu 芝士豆腐 500g,705-1,,hotpot, 10.00 ,,,,,true,,,0,0,0,
706,Seafood Tofu 海鲜豆腐 500g,706-1,,hotpot, 10.00 ,,,,,true,,,0,0,0,
500,Australian Beef Slice 牛肉片 500g,500-1,,hotpot, 30.00 ,,,,,true,,,0,0,0,
514,Taiwanese Sausage (S) 台湾香肠(小),514-1,,hotpot, 6.50 ,,,,,true,true,,0,0,0,
515,Meatballs 猪肉丸 400g,515-1,,hotpot, 11.50 ,,,,,true,,,0,0,0,
516,Mince Meat 猪肉碎 (S) 300g,516-1,,hotpot, 8.00 ,,,,,true,,,0,0,0,
517,Mince Meat 猪肉碎 (L) 600g,517-1,,hotpot, 15.00 ,,,,,true,,,0,0,0,
518,Shabu Shabu Pork 猪肉片 300g,518-1,,hotpot, 13.00 ,,,,,true,,,0,0,0,
519,Shabu Shabu Pork Belly 五花肉片 300g,519-1,,hotpot, 13.00 ,,,,,false,,,0,0,0,
521,Japanese Chashu 日式叉烧 200g,521-1,521-2,hotpot, 20.00 ,,,,,true,true,,0,0,0,
509,Smoked Duck Breast 烟熏鸭胸肉 200-300g,509-1,,hotpot, 13.00 ,,,,,true,true,true,0,3,12,
405,Flower Squid 花枝 1kg,405-1,,hotpot, 18.00 ,,,,,true,,,0,0,0,
623,Sea Cucumber (L) 海参 (大) 1kg,623-1,623-2,hotpot, 83.00 ,,,,,true,,,0,0,0,
624,Sea Cucumber (S) 海参 (小) 1kg,624-1,624-2,hotpot, 78.00 ,,,,,false,,,0,0,0,
625,Sea Cucumber (S) 海参 (小) 500g,625-1,625-2,hotpot, 40.00 ,,,,,true,,,0,0,0,
617,Fish Maw 鱼鳔 100g,617-1,617-2,hotpot, 16.00 ,,,,,true,,,0,0,0,
202,Canadian Scallops XL 10/20 加拿大带子 500g,202-1,,hotpot, 35.00 ,9-10pcs/box,,,,false,,,0,3,33,
203,Canadian Scallops L 20/30 加拿大带子  500g,203-1,,hotpot, 32.50 ,13-16pcs/box,,,,true,,,0,3,30,
204,Hokkaido Scallops XL 10/20 北海道带子 1kg,204-1,,hotpot, 70.00 ,18-20pcs/box,,,,true,,,0,0,0,
205,Hokkaido Scallops L 20/30 北海道带子 1kg,205-1,,hotpot, 65.00 ,20-30pcs/box,,,,true,,,0,0,0,
206,Hokkaido Scallops M 30/40 北海道带子 1kg,206-1,,hotpot, 60.00 ,30-40pcs/box,,,,true,,,0,0,0,
207,Hokkaido Scallops 40/50 北海道带子 1kg,207-1,,hotpot, 55.00 ,40-50pcs/box,,,,true,,,0,0,0,
208,Hokkaido Scallops 60/80 北海道带子 1kg,208-1,,hotpot, 45.00 ,60-80pcs/box,,,,false,,,0,0,0,
209,Hokkaido Scallops 80/100 北海道带子 1kg,209-1,,hotpot, 40.00 ,80-100pcs/box,,,,true,,,0,0,0,
210,Half Shell Scallop 半壳大带子 1kg,210-1,210-2,hotpot, 26.00 ,8-10pcs/pkt,,,,true,,,0,0,0,
211,Half Shell Scallop (Pink) M 半壳带子 500g,211-1,,hotpot, 20.00 ,,,,,false,,,0,0,0,
212,Half Shell Scallop (Pink) S 半壳带子 500g,212-1,,hotpot, 17.50 ,,,,,true,,,0,0,0,
213,Japanese Hotate Scallop L 60/80 日本扇贝 1kg,213-1,,hotpot, 40.00 ,60-80pcs/box,,,,true,,,0,0,0,
214,Japanese Hotate Scallop S 100/150 日本扇贝 1kg,214-1,,hotpot, 35.00 ,100-150pcs/box,,,,true,,,0,0,0,
800,Frozen Blueberries 冷冻蓝莓 500g,800-1,,fruits, 14.00 ,,,,,true,,,0,3,12,
801,Frozen Mixed Berries 冷冻混莓 500g,801-1,,fruits, 14.00 ,,,,,true,,,0,3,12,
802,Frozen Mixed Fruits 冷冻水果 500g,802-1,,fruits, 14.00 ,,,,,true,,,0,3,12,
803,Frozen Rasberries 冷冻山莓 500g,803-1,,fruits, 14.00 ,,,,,true,,,0,0,0,
804,Frozen Strawberries 冷冻草莓 500g,804-1,,fruits, 14.00 ,,,,,true,,,0,3,12,
900,Edamame 日本毛豆 500g,900-1,,vegetables, 8.00 ,,,,,true,,,0,3,6,
901,Edamame (peeled) 去壳毛豆 500g,901-1,,vegetables, 9.00 ,,,,,true,,,0,0,0,
902,Sweet Corn 甜玉米 500g,902-1,,vegetables, 8.00 ,,,,,true,,,0,0,0,
903,French Fries (Crinkle Cut) 薯条 1kg,903-1,,vegetables, 10.00 ,,,,,true,,,0,0,0,
904,French Fries (Shoestring) 薯条 1kg,904-1,,vegetables, 10.00 ,,,,,true,,,0,0,0,
905,Chuka Wakame 日式凉拌海带 450g,905-1,905-2,vegetables, 12.50 ,,,,,true,,,0,0,0,